"record_scope","tracker_id","tracker_name","relative_file_path","git_blob_id","candidate_file_sha256","candidate_file_size_bytes","git_blob_bytes_sha256","git_blob_size_bytes","exact_name_match","exact_order_match","contiguous_id_match","historical_tracker_hash","historical_hash_classification","applied_at","future_baseline_evidence","historical_executed_bytes_proven"
"world","632","20260504194945_world","sql/database_updates/world/20260504194945_world.sql","c13ece294c14a99bc63f30a842cab0dafb6c63f4","7B077D6DBC46E250D29EB529228870714D0FAF1F0E6202673159E49529D53A5F","70877","795C7032B3F8387DC70482909E4E509FD661E5D07C1390693528373D0D3A287F","68390","True","True","True","manual","documented_external_manual_import_marker_non_cryptographic","2026-08-25 18:55:38","True","False"
"world","633","20260504203644_world","sql/database_updates/world/20260504203644_world.sql","5c31791a535daaab38c69b04bc0901bbc0b08597","F460255CA863518025E6CF0960809C78EFD9C01A6368F363B4D2C48C8B6CD3FC","1611","299E0EFE0F45F5B4EC9ACF8AEB6DD4DD6C73D0A783954B4827E0DC0D293D7E30","1563","True","True","True","manual","documented_external_manual_import_marker_non_cryptographic","2026-08-25 18:55:39","True","False"
"world","634","20260504214035_world","sql/database_updates/world/20260504214035_world.sql","aa3d0cbbcbcf12dd64de063d3d44b81e63bbba45","97A3DF658870F55C7E0122EE5A866BAAF76729B13E1CF9C8EFCF056E19B725C9","41450","5167F5C6C8D355C90AC56249C1F384B6E59052DC0CBC68EEC379E9DD4989BF4A","39790","True","True","True","manual","documented_external_manual_import_marker_non_cryptographic","2026-08-25 18:55:39","True","False"
"world","635","20260505222630_world","sql/database_updates/world/20260505222630_world.sql","758a9b3ab259e3f0fcb53303ebbb82c1073ce63a","113A94FC94430235988BC0D6121731F9EEF461F5B2E7AA431FA592434DD8E203","9403291","004D5CA5B18375950A9D143F47B5D3AA9E3C228882348768BF424FAF767EFF0E","9381211","True","True","True","manual","documented_external_manual_import_marker_non_cryptographic","2026-08-25 18:55:42","True","False"
"world","636","20260506204945_world","sql/database_updates/world/20260506204945_world.sql","3209423981f55e8f5a3682cb1266f744e99c6a50","CC691799F70218CD93CEF19E29E5AEEDC8339DEB6BB37B8C7BD04EBC7676D552","60612","10164C541000CCFA3F2A1092EA9C66DBBAF1C9196C6C5A5531EFE7090244F0FD","60349","True","True","True","manual","documented_external_manual_import_marker_non_cryptographic","2026-08-25 18:55:42","True","False"
"world","637","20260507165648_world","sql/database_updates/world/20260507165648_world.sql","b161fcfe05ef9d99f6b86c75a4869ece8277212e","C248F3F7ACBDF07C663A7248D2EDF9ECEA83C10A286949FC673E99BAC2DDB51B","9041990","05B99901E54836E66C0E9BA820E53567ABD7C7D87827438E199F2446B99CFF5A","9034900","True","True","True","manual","documented_external_manual_import_marker_non_cryptographic","2026-08-25 18:55:44","True","False"
"world","638","20260507184157_world","sql/database_updates/world/20260507184157_world.sql","abeb950bb615f710f65ab6bc83403827c160b709","366EB214F703FBEFE53E67490CB181317FB5F190B49338DAD59CFCA36EF66BBD","200763","26D25CBEBC1FB23353CF6EFF244112F063AC0B36937F54EC70023C25EF6AA04F","188096","True","True","True","manual","documented_external_manual_import_marker_non_cryptographic","2026-08-25 18:55:44","True","False"
"world","639","20260507191316_world","sql/database_updates/world/20260507191316_world.sql","a9e479f5291e8bd83190010cca1b6c01fb1d1fcd","4C3B0F9908172E0F61B2D1B7074649D48E7D9109A22A5F29F257D2DF24B47AF0","2539","8DB15C520E52ADA1D3106728C988F06DE8AAC5C2C536A868606009FF5039CA05","2475","True","True","True","manual","documented_external_manual_import_marker_non_cryptographic","2026-08-25 18:55:45","True","False"
"world","640","20260508064255_world","sql/database_updates/world/20260508064255_world.sql","3d1af4efa3928623914e760462fbbe040f151757","98978E64FC0EFD4D26DEC28F4A3F327C3E6B7E86FE2D5BE37DAC9D8D7F9AA688","1182946","BEC8D1CA19D6456434E5BFACC42BFE5E40E461562F2E1CCF0C7EA9243D36BEF7","1146102","True","True","True","manual","documented_external_manual_import_marker_non_cryptographic","2026-08-25 18:55:45","True","False"
"world","641","20260508192404_world","sql/database_updates/world/20260508192404_world.sql","f79d833a608c52260dc2826a8ea60fbc21c49857","58CC5E8227BA1DB24925E6D62E413C790B4E7E586030F651B6CC1010EF50C022","3321208","875FD48F74BFED0013C0B49D3948E8D721E643BB14BFF5B8026F21C6999EB190","3300172","True","True","True","manual","documented_external_manual_import_marker_non_cryptographic","2026-08-25 18:55:46","True","False"
"world","642","20260509055406_world","sql/database_updates/world/20260509055406_world.sql","bd6a9605b47bf1ce3342e01696a5d5f07181454e","44AE0CD8B4CBFBA1CF22218DB75E91ABFD276B0A9F02BE1CC34BE9D26344AE06","493821","D80158FFF62A2012D8E656D5E2FEDB9601846E4BF8144B1BC1C4F56897CED6DB","478941","True","True","True","manual","documented_external_manual_import_marker_non_cryptographic","2026-08-25 18:55:46","True","False"
"world","643","20260510092659_world","sql/database_updates/world/20260510092659_world.sql","64fe8c68fac36cc099149857c07e0dafe439e9f1","046A5B09E28DEACF3E05B5CE8CC75B3FA519E80512227523F320C7D985F6E86D","4774568","3F2D1009480878659314BEAD949FAD5D0E9B1493D4186DA28079B9E6E41D436E","4759863","True","True","True","manual","documented_external_manual_import_marker_non_cryptographic","2026-08-25 18:55:47","True","False"
"world","644","20260511053220_world","sql/database_updates/world/20260511053220_world.sql","1daa43c51c9f932e2a39b77fad6bdfcba75b62dc","BC9155487AE45319CEFE6FFAEE8141DC5E43A0560023E5CAC94285918F323206","19031286","5166394F8C585B80086C11CEB28FD658D1AF4CE4BAE44FEB3F11D06E5BF199E8","18510916","True","True","True","manual","documented_external_manual_import_marker_non_cryptographic","2026-08-25 18:55:52","True","False"
"world","645","20260511154529_world","sql/database_updates/world/20260511154529_world.sql","870f8a6641e1f24e81fe797c3f780ef953cce3eb","9F626060B52722AE55EDBEE0C7136EB52286A9F36E3A0ABCDB23F19DFA2B8998","2753891","123C56085C5E03B344A5417333C77E88C074D23A96E116CFE18FB29E79911710","2720392","True","True","True","manual","documented_external_manual_import_marker_non_cryptographic","2026-08-25 18:55:53","True","False"
"world","646","20260511164918_world","sql/database_updates/world/20260511164918_world.sql","647335a6c6e11f2a1c22ae98b6fd8a8056d7194b","CAA01705FA78A46649C20DAE11AE20A881C843987DD17AD8FD8E5C03DDE2303F","43923","6F380EC5F948610C57CB0E8F21707BF9239CC9CE38C5C3541B32C365BF681AC9","43340","True","True","True","manual","documented_external_manual_import_marker_non_cryptographic","2026-08-25 18:55:53","True","False"
"world","647","20260511211643_world","sql/database_updates/world/20260511211643_world.sql","c063003efbb261e255239a44342869176adc8c9c","1585EF628068B1BA733FD25A35AF4D382CBDBDEBAD8CE2D90E0B575A8DDEE995","308173","AB88C311E33F7DC298EEAAEBBDD2D3D2993396CD115FB58805BAB4269FF13D7D","303533","True","True","True","manual","documented_external_manual_import_marker_non_cryptographic","2026-08-25 18:55:53","True","False"
"world","648","20260512033310_world","sql/database_updates/world/20260512033310_world.sql","9e74de1e7a01598337343c5eb63be2ce82c6a76a","B4604D1490B2AEE5F277DDC1027D81B82372CD703E4CF49592C95A201CD77834","2100","2963336DA93B4599ED2A421F653A90724A6AD538125407A4BF32AE62313E149A","2029","True","True","True","manual","documented_external_manual_import_marker_non_cryptographic","2026-08-25 18:55:54","True","False"
"world","649","20260512130432_world","sql/database_updates/world/20260512130432_world.sql","255d772b425cbd91924eef3c22f244d64743dc27","8946996BED151E5ADF759DB6FCDB8B185B10238F730A30DD50DBB10785AA9D0A","587003","1F3732914B054A27295DA248DCA82575CBD2BD0BC09F12514D0A29947B77B76E","580804","True","True","True","manual","documented_external_manual_import_marker_non_cryptographic","2026-08-25 18:55:54","True","False"
"world","650","20260512224739_world","sql/database_updates/world/20260512224739_world.sql","d39df60b8a53c58ecb53f767810ff2868c7a582b","EBE41E3F5A561020B91FFFAFBA4FE0FDE963C05181549DE6FF44AF6E07DDCE50","69196","6689126E86F429D9B7AA234CB1F0F9AA4B7416D6A5E946F265BBC8B052B0F814","68922","True","True","True","manual","documented_external_manual_import_marker_non_cryptographic","2026-08-25 18:55:54","True","False"
"world","651","20260513084003_world","sql/database_updates/world/20260513084003_world.sql","41221a31033a7420524f0e0bdb7ebe9991f66f2f","20DF79F7CBC41BF52BEEDEBBC69B755AE39310775106290E139256CEEF0D5460","790588","4B113B1798455724508FFA8D6ED60CFCD725FEE368B0D08BDEEA43F15B5D1156","767115","True","True","True","manual","documented_external_manual_import_marker_non_cryptographic","2026-08-25 18:55:54","True","False"
"world","652","20260513094906_world","sql/database_updates/world/20260513094906_world.sql","2b4bdedb919488ab7360a51f30897c2c625e6eb3","F36E41F4EE4376D4A4967C2AD99525FBDB0453DDB11413AC2395C090F8F357EB","2482","2AE49DC098D0A489145C9DCBE06921820A77CF3CBCC5A3D90EBE346D9A47ACD6","2449","True","True","True","manual","documented_external_manual_import_marker_non_cryptographic","2026-08-25 18:55:54","True","False"
"world","653","20260513233443_world","sql/database_updates/world/20260513233443_world.sql","2b02e255b9230be1fc3562a95e258d5b31473266","46EDEDD29565AEE59E6DC16E864AC9470F8332EE77535A3ACA0E9D352D0C92AE","488727","080BBBDA861F55C408A2B24E5B91CC91B3C84378D83464EA1499027A892B4CFA","484530","True","True","True","manual","documented_external_manual_import_marker_non_cryptographic","2026-08-25 18:55:54","True","False"
"world","654","20260514011114_world","sql/database_updates/world/20260514011114_world.sql","2b5410a8095bdeb53e47879bf1b48e40c58865ec","657DFD44E0B3FA7658995A8714BCAB2E5769D99A9C7E7F8860D244573C4AB6F8","18076","618A1A33325C614AB0C2E6B3A7548146A19356B6CF4C2DB33A13C4FC52E25331","17868","True","True","True","manual","documented_external_manual_import_marker_non_cryptographic","2026-08-25 18:55:55","True","False"
"world","655","20260514035236_world","sql/database_updates/world/20260514035236_world.sql","445dfea08bcdb193bbb6cb845d71134254c43836","96A7DB0C1DEE9DCE2F91DCAB00924FBB881D1BDCA9328054B705B20C7DEDD50B","79487","D5461D83C5FFD9F0B603C00206C25C4CC6E42C0E1EABFBB0CA70FCE08C235CED","78805","True","True","True","manual","documented_external_manual_import_marker_non_cryptographic","2026-08-25 18:55:55","True","False"
"world","656","20260516050606_world","sql/database_updates/world/20260516050606_world.sql","8b37018815e3199610113e8876631860e65bb51f","DE14945B3FE98AA3717C344D6BAE6AAE04446AC0AC28B63C2793CF97DD539AC8","287095","C0CF7A07A7AF44CB9F994963C2B7DBB0BB36FEBC66BF51418685A0A022C996D7","284522","True","True","True","manual","documented_external_manual_import_marker_non_cryptographic","2026-08-25 18:55:55","True","False"
"world","657","20260516210743_world","sql/database_updates/world/20260516210743_world.sql","f148550cc1cefd7f4424d2b019a80b764d6a25aa","DD6A6A77D5B5056A294BCDD26A5B1965C5D6C32A1893A3FB81A1FF8D072FC97E","229957","701F3C7773D6CC9982C983BF422836C264EC92C3980465A18C13664B32B5786F","219662","True","True","True","manual","documented_external_manual_import_marker_non_cryptographic","2026-08-25 18:55:55","True","False"
"world","658","20260517045535_world","sql/database_updates/world/20260517045535_world.sql","3315c495b460904d8c8364930b12bcad03c35c13","99CE12909C63DC7A940923059DFAB909360EDA5A35238B531A3A21F7B9C2C353","53355","E66553D4F4B41F9A39BAC0E4989417EE7DEA8D8B5C997E68A54B8DA4875EED31","52623","True","True","True","manual","documented_external_manual_import_marker_non_cryptographic","2026-08-25 18:55:56","True","False"
"world","659","20260517062330_world","sql/database_updates/world/20260517062330_world.sql","515fb2fc9efecd358563e28453bcf09cab1e27ac","323F20DF945192FF4D61A4E30EF9C44127ED982A6249EF88B4ABEC60B38162C0","101287","1024089AC2AEC15B90C481526B8CEE777E40A4465BA3125E08B0455852D49B99","101044","True","True","True","manual","documented_external_manual_import_marker_non_cryptographic","2026-08-25 18:55:56","True","False"
"world","660","20260517101017_world","sql/database_updates/world/20260517101017_world.sql","800f04a23911b646dba145bdbbdf912eed6a1b4a","633E8BED8ED7DF55C0289F03EFEE0B345B7708C127599DD12872F3D2AD62DCB5","8080","A738F75B30B500474C19C0289377B251A37D06C9EEC0BE1EF75DFFC0B56CA78A","7786","True","True","True","manual","documented_external_manual_import_marker_non_cryptographic","2026-08-25 18:55:56","True","False"
"world","661","20260517121832_world","sql/database_updates/world/20260517121832_world.sql","0fe2779e72445c794ab759434de9939689009280","D0779113FB5AB9D717DAD88A480853E2B9A0A505FC723E7CD6C2D9156E17AAE5","2050","879CC65328905420D45F65DA5BC3EF67394C62C23A4980E23EE57690D1C94686","2019","True","True","True","manual","documented_external_manual_import_marker_non_cryptographic","2026-08-25 18:55:56","True","False"
"world","662","20260518050203_world","sql/database_updates/world/20260518050203_world.sql","b25c919e0ad23cd56746d6f59a9ca8a8ea5caa18","4DEBC55A1DD178CF3E02E34D9721B689A4A3A5B82BE672E0BE3968DD8F527B42","193231","8E73920263D4BA67857297AB65BA406B455E5A103D2A684F70CC5E3A3D4C1EF9","190369","True","True","True","manual","documented_external_manual_import_marker_non_cryptographic","2026-08-25 18:55:56","True","False"
"world","663","20260522141111_world","sql/database_updates/world/20260522141111_world.sql","f4e5185d4477f07e8f15aff96ae718b5a6285cfa","0886AE7F973275E5F217A4036B889B27C3D93B5A85CACC43D0189A693024DB67","27366","6F4A1DABD5E387F1757CDD2BFF26AB070926D9E5C0A6B8367392BFC197C00CA0","27076","True","True","True","manual","documented_external_manual_import_marker_non_cryptographic","2026-08-25 18:55:56","True","False"
"world","664","20260523041131_world","sql/database_updates/world/20260523041131_world.sql","6e954871b009020306d55613b7f6f025a55bdb38","04F6414D258630677DF316B3BF7C48F2C1474B5BAD4EA7CBBE9C54223722EE12","15980","338F0F1384B739C480CA681C976E541FF4813D92DFD91170D051D0F269F1BB89","15772","True","True","True","manual","documented_external_manual_import_marker_non_cryptographic","2026-08-25 18:55:56","True","False"
"world","665","20260526123433_world","sql/database_updates/world/20260526123433_world.sql","682035b332bebcb011a3d6fdf6538a4d5d48f893","3F5C0493196BCF58D84F339996E468A8149FCF41890ECE0A6855A53CFB352E38","69964","C5E42A3AE38179A9B5E8ADF77B33B8C94E4E2777C5D1880BF46A25E38B428CBF","69248","True","True","True","manual","documented_external_manual_import_marker_non_cryptographic","2026-08-25 18:55:57","True","False"
"world","666","20260526134500_world","sql/database_updates/world/20260526134500_world.sql","615125bbc6e9fdef8a7024fb062605f79ca02768","4BEB936A8C68FDD6F7BF3398EA23FAF6F35DF7307A7458CB56234B1E46DAC81C","3554","F861292B80FE449BDB50F10114F6A92255E8197BC73A3C6F99E8343B7D97DAFB","3497","True","True","True","manual","documented_external_manual_import_marker_non_cryptographic","2026-08-25 18:55:57","True","False"
"world","667","20260527120000_world","sql/database_updates/world/20260527120000_world.sql","d274a3141a58e5eaae10f9e74726bf9831319009","864CE49C772895C2DE27AF6CFE9B44F799FD4A2A21521B7FE3EDF99BC0F7D5C7","5315","48B6F1011DBAC0F50A4B8C5AAB73F798AC60B2561E03DBE9C4A200ADAC2BA309","5209","True","True","True","manual","documented_external_manual_import_marker_non_cryptographic","2026-08-25 18:55:57","True","False"
"world","668","20260528150633_world","sql/database_updates/world/20260528150633_world.sql","b48de03dc1ad2a9c5476279755d8b6ab2a9fd0fd","E70D5045CD65DA6CE4A1785A60716A82DC62D65608774CC626036710C236FBC8","435033","209ADD7A6212E6B7E5D4A24BB38FD0A06B0E12CEB2EB7AAF39A66F3589169B1C","411039","True","True","True","manual","documented_external_manual_import_marker_non_cryptographic","2026-08-25 18:55:58","True","False"
"world","669","20260529182210_world","sql/database_updates/world/20260529182210_world.sql","5ef16c65e2ec38e3a367d5e02f6dbd86aa3730fd","614841A382C412EFA68A1CAA1CA52D2CD9A57D7BB7525E6213B3732FF898B5A2","143659","614841A382C412EFA68A1CAA1CA52D2CD9A57D7BB7525E6213B3732FF898B5A2","143659","True","True","True","manual","documented_external_manual_import_marker_non_cryptographic","2026-08-25 18:55:58","True","False"
"world","670","20260530203924_world","sql/database_updates/world/20260530203924_world.sql","ccdd9a7d90381a401dfa4b793a5ec7c13b40ac6a","344390F42D6F4729AE27FB8A32004D09DEF82CC89858AC67764169F6CD4403D0","278700","F351713D67CCE8DC4BF65F1DCE16BE3D99E248EC6B01916ACF02A59F314B3D81","262309","True","True","True","manual","documented_external_manual_import_marker_non_cryptographic","2026-08-25 18:55:58","True","False"
"world","671","20260602180159_world","sql/database_updates/world/20260602180159_world.sql","b045e79d755b70fdf0e1d067889fb8bf638af922","CF643487F12F3DF3BA8CC31D694DFA84B85B079D47063C45B2812F1879B641C0","123225","CF643487F12F3DF3BA8CC31D694DFA84B85B079D47063C45B2812F1879B641C0","123225","True","True","True","manual","documented_external_manual_import_marker_non_cryptographic","2026-08-25 18:55:58","True","False"
"world","672","20260603094447_world","sql/database_updates/world/20260603094447_world.sql","8879b13057cc3c2b73af430b80ca39d0b60b375d","29299BCF8B4D35103E1339D7C0B73D138C0C45F68D155652DC2A76DB21790BF1","245555","29299BCF8B4D35103E1339D7C0B73D138C0C45F68D155652DC2A76DB21790BF1","245555","True","True","True","manual","documented_external_manual_import_marker_non_cryptographic","2026-08-25 18:55:59","True","False"
"world","673","20260604214927_world","sql/database_updates/world/20260604214927_world.sql","340663099030d0fd9ca072a3a872cd16fb05e951","E87EB40A092A5088DBFF7C2C198AB418028A91BC5C391A3759D7660E143905B3","25242","567558AB39CB48FF8C598560FDD41F71069EF1D0D787574F8A8BC8F3ECA4C66D","24981","True","True","True","manual","documented_external_manual_import_marker_non_cryptographic","2026-08-25 18:55:59","True","False"
"world","674","20260604222044_world","sql/database_updates/world/20260604222044_world.sql","d36240eaa1baf22713fe7bbc0c9ffe7a929ef3c2","97A07798A4CAD926E5827B2385115D5DA94F522F8A1E90F1A9C39C5639D26E5E","47718","51B13EAB7D037E783696C6A504FB16F8EAB8AF511BBA811C842A98F6851CE199","45818","True","True","True","manual","documented_external_manual_import_marker_non_cryptographic","2026-08-25 18:55:59","True","False"
"world","675","20260605181338_world","sql/database_updates/world/20260605181338_world.sql","2d8c65da55e574f6f530b27d224e2c40e3f410cd","38E82E4DF544B7903422D066D739E5E863032C71E2CE33F5956154C79131FABD","432407","38E82E4DF544B7903422D066D739E5E863032C71E2CE33F5956154C79131FABD","432407","True","True","True","manual","documented_external_manual_import_marker_non_cryptographic","2026-08-25 18:55:59","True","False"
"world","676","20260606120000_world","sql/database_updates/20260606120000_world.sql","7bb81dd6236e0d32206ed8689721906f5ee38371","723E38F3E382EC084E7F4C970E7E4D80168BADD1BD805D0EA55C2422D414F6AD","320","62DD28A9EA1318EE6118D0C8DE0C88F0004C4E0F399E85DCCBD32BD2304CF23E","316","True","True","True","manual","documented_external_manual_import_marker_non_cryptographic","2026-08-25 18:55:59","True","False"
"world","677","20260606142438_world","sql/database_updates/world/20260606142438_world.sql","b32715266b4c062e107af35a96e369b532ce8c76","C20E48571F4B8758826DA479D88A70BA2987A85B54DB671D1ED310F8F3914953","2479","00DD4BA4C5796D9C6FA0673EE30A198B7379073276B7F3FDE3C299CBB5D7CB89","2353","True","True","True","manual","documented_external_manual_import_marker_non_cryptographic","2026-08-25 18:55:59","True","False"
"world","678","20260608174707_world","sql/database_updates/world/20260608174707_world.sql","513cf99dc7ae51dffaa1771296dc5bd4ef5c662e","1FDBB3E3E5724AF3340BFAE1CF174BD64394CEA0F39C541B791DEEFE4C6F9B9A","160435","1FDBB3E3E5724AF3340BFAE1CF174BD64394CEA0F39C541B791DEEFE4C6F9B9A","160435","True","True","True","manual","documented_external_manual_import_marker_non_cryptographic","2026-08-25 18:56:00","True","False"
"world","679","20260610134807_world","sql/database_updates/world/20260610134807_world.sql","45dc813e6669f660a08e143ea8986b8b2d311bb0","92D235AF280046165C412B2545BB6C7AC04A0B498E04F11A50B9210481F7D35F","63645","C5BFA7AFB9F7EB1D1958DE327E00ACEECE1B7F37EB674C6A1410C800E40B7BBA","62373","True","True","True","manual","documented_external_manual_import_marker_non_cryptographic","2026-08-25 18:56:00","True","False"
"world","680","20260614120836_world","sql/database_updates/world/20260614120836_world.sql","9151ebfbd40fb98fb05f030764aff862292ebfe0","72523586DC66E6A077673BB026A666AFC482D496B6AB62DBBD760DCC0C984121","425123","E9321C11805C54EED4FCD83BFF31BFFBD67D9E4195B06690C92DC555EA071839","418339","True","True","True","manual","documented_external_manual_import_marker_non_cryptographic","2026-08-25 18:56:00","True","False"
"world","681","20260614124739_world","sql/database_updates/world/20260614124739_world.sql","d0f95decc57344721c23b74e8b1184fd38e3bcd0","4C78D64246774F7141432945FC1121A2C9B5AF100BAC0A9B80AB51C4ABCD0F35","201507","19CCE93E3ADE6F3EC61CC15190B4C7B3CBE4ADD98AEC4967AFA9E3192A36D40B","199052","True","True","True","manual","documented_external_manual_import_marker_non_cryptographic","2026-08-25 18:56:01","True","False"
"world","682","20260617120000_world","sql/database_updates/20260617120000_world.sql","eba4a462f1fc9ba42152a9a31181f83227250941","6DACE5B514B09CB4025E81FF4A69A32A956E9C47E5CB8D94C2DF3F3CB4FAAA2E","1309","1FD73C08A84BA5F65717416ED9D87E6372DE6F56E7BEE7F5D0E56438C26965AB","1272","True","True","True","manual","documented_external_manual_import_marker_non_cryptographic","2026-08-25 18:56:01","True","False"
"world","683","20260618114919_world","sql/database_updates/world/20260618114919_world.sql","afe6e090adf9303323cf3d744997bc7285c787f7","9F3F398FBAF43C42599DF4951AD4309C9F4E40C0AAD1D9B2312FC6665A23F77A","923092","17B0F491ACDA5065F4971F59735D03BBADC32DE6966CBD1FF8FEA2646B4228ED","908645","True","True","True","manual","documented_external_manual_import_marker_non_cryptographic","2026-08-25 18:56:01","True","False"
"world","684","20260618120000_world","sql/database_updates/20260618120000_world.sql","8891991f24f9e9e30c39c0fd07d289b999948b3f","F2D6E463151E4A1EE285250BC3B2E1D2147A2B437815E9D3208EB9A162B03E71","666","CE69046A8854A9BC879108BDD18574A1AAA28C9109DD328B445D0A305CDE488D","653","True","True","True","manual","documented_external_manual_import_marker_non_cryptographic","2026-08-25 18:56:01","True","False"
"world","685","20260619123444_world","sql/database_updates/world/20260619123444_world.sql","ac4e8d3e52f9a9d70a2f68a84c7148ac2c57f29e","202A4555E34FCCE99684AD65FF700F7CAA9C3911308F30A7B8BAAE71C2B28734","9425","AAE11717B82669199287C7F5101281DED797F9823EB49765B07F877DEEB54FBF","9105","True","True","True","manual","documented_external_manual_import_marker_non_cryptographic","2026-08-25 18:56:01","True","False"
"world","686","20260619155101_world","sql/database_updates/world/20260619155101_world.sql","94ccc734317acb2d35faf8ed8d90601df429cac6","F2EF8D1F6FCC140C9ADFD7583A1CD107C5DA9201C5B6684FA885F13732A8FD42","44777","066C5909FF7A60FAC7AEFA7B27AAEFFF782E1C4C7C5062C6A72E6AD928D4C4D5","43844","True","True","True","manual","documented_external_manual_import_marker_non_cryptographic","2026-08-25 18:56:02","True","False"
"world","687","20260620003740_world","sql/database_updates/world/20260620003740_world.sql","4ffb70547c21728545038f75ee3d7aae68975152","63E4FFE22C01BB6FEDD7735FA69BFC1CD2CBF0DF37A8FB41A29E28FFEF4E38FF","26663","7C5E15EA809D1919F2BD7EB61A0E821732DBE0585C9A48B27FD2DFF11283772C","26010","True","True","True","manual","documented_external_manual_import_marker_non_cryptographic","2026-08-25 18:56:02","True","False"
"world","688","20260620113716_world","sql/database_updates/world/20260620113716_world.sql","dadc082a1fb249f03d00978ebdfd13bb8f53027d","7A310B8E9C29E2F296276035A09E013CFE05B1F7A92CE80DCF9792B4788942F4","19055","4A2D0D83AA441BC81CA447CDA69D8DBDAD85AA5ADFCE12056439963F6DA03134","18589","True","True","True","manual","documented_external_manual_import_marker_non_cryptographic","2026-08-25 18:56:02","True","False"
"world","689","20260620120000_world","sql/database_updates/20260620120000_world.sql","bbe07811ef1a57d25dc44106a75db0a58ee7ebd7","BFE4BC0D64369F1FB682270B6980549454BA4814B4D0557078C19DFB5A7E5E6A","495","A02F77B7E4192DCF37A187D0B49247BA3E5E9D63909B5D28F543BB865F4837D8","488","True","True","True","manual","documented_external_manual_import_marker_non_cryptographic","2026-08-25 18:56:02","True","False"
"world","690","20260620130000_world","sql/database_updates/20260620130000_world.sql","102ea79e8d05b7faa05c9922a1702e471c9c47a6","6B069C111233D889F09FFF94DA51CE6932D7A2DEB7E1E8738E1807E2841C4C66","482","EED49A0304A2F35A5B42FCE13955721BF27A88D95A118929729EEA989B1B9DD8","478","True","True","True","manual","documented_external_manual_import_marker_non_cryptographic","2026-08-25 18:56:02","True","False"
"world","691","20260620152800_world","sql/database_updates/world/20260620152800_world.sql","16dc1cb5f8b6da67a18d219907e981b508183ff8","CF4026ED1F64DEF98A902738144A7807C11EDCC1B1498BC5EAE21E0D3AA3AA9D","13353","FF4CB5A87A2476AA137B6F94F6689B5DC998B74B4FD8C169D20AF3D7484F9063","12985","True","True","True","manual","documented_external_manual_import_marker_non_cryptographic","2026-08-25 18:56:02","True","False"
"world","692","20260620224628_world","sql/database_updates/world/20260620224628_world.sql","10a5696cec657a463365b92561f8105b6f5a7258","44D2EAAFE3B8E5E2456B97FFB0D6AAD1AE7EC877E898947F4F3F7DE18979CD15","62780","E1D0E24BEE33C2A2239F92900602AEF534D101259B774F4CD922BC1CD329CEE4","61387","True","True","True","manual","documented_external_manual_import_marker_non_cryptographic","2026-08-25 18:56:02","True","False"
"world","693","20260622203054_world","sql/database_updates/world/20260622203054_world.sql","c3e1d7a9ea4d013ceab40b943015e80a415ef6c1","EF539204DEAFDAD6E664D5E8D0DA9B58088CE69FE69118AF70C11624856F70F6","19789","B773FC0FAE5DE9B05239177BE7665704C064C5A583A7CAF1CF4F785CFE3705CE","19327","True","True","True","manual","documented_external_manual_import_marker_non_cryptographic","2026-08-25 18:56:03","True","False"
"world","694","20260624094237_world","sql/database_updates/world/20260624094237_world.sql","48d3d6dcf3119e3a3a6e81a615ebb2e46267ff57","D433D1AAF61DC2919DE66B5B15F2032BD192DF75B2782D02ED738C86827407A7","213114","182C3B92804D8DF28E3E8AF7709C3ED3BF7EBD611CEBEFB3A2710E012A91D5A0","211837","True","True","True","manual","documented_external_manual_import_marker_non_cryptographic","2026-08-25 18:56:03","True","False"
"world","695","20260625083947_world","sql/database_updates/world/20260625083947_world.sql","9ea1a4576a8f45891e44064f44f4e88e2bfff144","A4D6AFC30D6329491E091D57DDF87341E93B12AF31CF1E915C41E76BE85FDF00","40059","7E021FD40DCFE385EEE6C22410F6047B5128628DA5291A5DD05E4CE3C3C1C605","39335","True","True","True","manual","documented_external_manual_import_marker_non_cryptographic","2026-08-25 18:56:03","True","False"
"world","696","20260626153218_world","sql/database_updates/world/20260626153218_world.sql","31b5c854288292f78b294e63ddb8cc5ae572138a","F97BEE49523339E2CDAE321A93BCCB09BD46DD4B99AE91CBF715C07AAF02B324","25952","2F470F40A701E98A839A33428ABF54EBD11F8F945ACF17B685FA4314161F5A88","25298","True","True","True","manual","documented_external_manual_import_marker_non_cryptographic","2026-08-25 18:56:03","True","False"
"world","697","20260628192033_world","sql/database_updates/world/20260628192033_world.sql","0dd00105daa232dbec0f5a578fdccd35437214fa","00758AD0B52A83BC1E4938D5EAFC97FBF573A6DAD5C5BC748E0ADD3941BA4FF5","25936","52E181DAFE4A65D163F0036A7BFEB874E7758DC686271DE03406B19869C71F61","25384","True","True","True","manual","documented_external_manual_import_marker_non_cryptographic","2026-08-25 18:56:03","True","False"
"world","698","20260629195406_world","sql/database_updates/world/20260629195406_world.sql","238a777fba88c4880b9084fd44b5fcfe3bb2ef8f","D23E374EFAD98181EBCEBE56BB73F3DCBBFD72B435F6549FCB99D43068F1C357","106724","3B90A4AD9542F2A5855D77E77EA9E6AC127631F24932A628209C3D77ACAB1881","104836","True","True","True","manual","documented_external_manual_import_marker_non_cryptographic","2026-08-25 18:56:03","True","False"
"world","699","20260630194548_world","sql/database_updates/world/20260630194548_world.sql","7a3503f6eb0881559cf498977601457a4518eafa","A48086CA6240764C3768C27CD08BC4894FBCCE6C358C0802B53F9CE54E6A6E21","143557","D801E74D7EF00CDD9980C747B6E13DF02C857FEFA8C93DA8D2FEC9B5EC78DD97","141599","True","True","True","manual","documented_external_manual_import_marker_non_cryptographic","2026-08-25 18:56:04","True","False"
"world","700","20260701010422_world","sql/database_updates/world/20260701010422_world.sql","5d93e78302b804bc36979b5b547c6c39c7c8e84d","0CFA83B5C3AB1FA90DFDB1E4F5C6701F74A77E182BC59DA74CFD8D0741569F8A","214958","F50C5CF168236467CF5506BB37147FE978C5729E85654B3E6E3D32177B95EC48","211673","True","True","True","manual","documented_external_manual_import_marker_non_cryptographic","2026-08-25 18:56:04","True","False"
"world","701","20260702115558_world","sql/database_updates/world/20260702115558_world.sql","bd3e56cd153d6be85eabaf4c86d386d8e906a61b","DF84C17D834A74FD9CD97B49BAAEBA21B9E64D33079E628285FB86DA963155CC","3475","78583796BC4236684389349D0CD5812B55B2B6C205F69E66C08BA1C7FA2E7C74","3341","True","True","True","manual","documented_external_manual_import_marker_non_cryptographic","2026-08-25 18:56:04","True","False"
"world","702","20260702232910_world","sql/database_updates/world/20260702232910_world.sql","f3a81653f381b9774a9af61b5a1a8d76412c5e58","3CBE346515E055EBC97BFFE9EA674FB6977144CB9215F22333558DC3704BE7B7","112468","9D2B7AD3BA1B724B2396EE8D2E5926DB8C881E57EE82D9A0D6DED4012E549EFC","110491","True","True","True","manual","documented_external_manual_import_marker_non_cryptographic","2026-08-25 18:56:04","True","False"
"world","703","20260706100617_world","sql/database_updates/world/20260706100617_world.sql","61933c2fee04fbf971ebbaa3a0b94bd3c50edf08","370748DFC866D6465D30B0A62C41A11CC2B30EB75F1F6BB8A64403E28BB3DF84","232810","8C1E09353B7C7110888B1457C1048D4C2299F5370152B7D002D2EE52FA73CB52","229059","True","True","True","manual","documented_external_manual_import_marker_non_cryptographic","2026-08-25 18:56:04","True","False"
"world","704","20260707174014_world","sql/database_updates/world/20260707174014_world.sql","dc64810b8ea32ed12a5a0afeb023a78b476b7757","5F66EA61455A577C3D2A786B2CBB7250C2C1453EF979A6050296C15EE0D44855","43364","3B341E5EF419286D324962820085D412E167C8DBF0FD2F9E33D8A818BF7C4F22","42458","True","True","True","manual","documented_external_manual_import_marker_non_cryptographic","2026-08-25 18:56:04","True","False"
"world","705","20260709071006_world","sql/database_updates/world/20260709071006_world.sql","887734f0a8dd9fac14e81ddad91b85c3a69cbe2e","B762605A83137EC05618072DE7CD69A616E2029791E41B2646B9A41A221AC12E","5741","4B6E102A2ACD3487691CE03644875D4E4CA822C4D36848EF9B12887C75D59C56","5691","True","True","True","manual","documented_external_manual_import_marker_non_cryptographic","2026-08-25 18:56:05","True","False"
"world","706","20260710045142_world","sql/database_updates/world/20260710045142_world.sql","7ac78c55c99e24da315d5a64f2132f52165b666c","EBEFEAEEB08C1F87905EC9CA49C1414BF08522808F56AF1CEB8887D203E081CE","124329","213B37EBD154C04CE5498A6302B017244D99B205AE6482365A7FA7655D598E81","120734","True","True","True","manual","documented_external_manual_import_marker_non_cryptographic","2026-08-25 18:56:05","True","False"
"world","707","20260711131631_world","sql/database_updates/world/20260711131631_world.sql","154e707f41199e5eefe5b384183c146805218f05","E0081CAAB67EDBEEDE2D8BA083E289FD12037954AB135F2C72E4520E26DD7B2F","68114","7B1EC25BE62DCA96D5AD768A64DA41448FAF93223A7B1BDB5A74D9FE9B01D80D","66341","True","True","True","manual","documented_external_manual_import_marker_non_cryptographic","2026-08-25 18:56:05","True","False"
"world","708","20260711150912_world","sql/database_updates/world/20260711150912_world.sql","4eb430c4952ad31c5c1d85340706583b80c6c26e","0B704CF5DD1B12EFEB536000D10F7B2CF91BD94C8E3305C4E445E7AD08E06900","9094","0B704CF5DD1B12EFEB536000D10F7B2CF91BD94C8E3305C4E445E7AD08E06900","9094","True","True","True","manual","documented_external_manual_import_marker_non_cryptographic","2026-08-25 18:56:05","True","False"
"world","709","20260711170358_world","sql/database_updates/world/20260711170358_world.sql","c260cc4a8d91e12ab991579668e34aa7dcb6d3af","C0ABAF150D4E523CFB66D89852BAA0F9682D8ED6BC564B1D396F98B17E3F72A8","1732","203A97AFBBA949DAF35E6E8166150D2585A90FA2A27EACCCD29FDAC059F8C853","1661","True","True","True","manual","documented_external_manual_import_marker_non_cryptographic","2026-08-25 18:56:05","True","False"
"world","710","20260711191209_world","sql/database_updates/world/20260711191209_world.sql","9ca25bb96b4282ac3d29cc89c78f9ac7f49c74db","59BEBD40D522A1AF672E0F93F322C3E30683F0B591E487460F15F1261E8516F6","402","F5ACADBB84B8AA3A3D0A47B59F9A91E668BCC5AC627098E305017FFE37664CD6","385","True","True","True","manual","documented_external_manual_import_marker_non_cryptographic","2026-08-25 18:56:05","True","False"
"world","711","20260712222616_world","sql/database_updates/world/20260712222616_world.sql","95a6f72ecd9b6a04b37bb0cd78ff028e7e2d0b5d","3F9F2D2DC6DB4218A0BA60EF0236CE388504FC0FDC87396BFBF6CEC19F5886D6","1360","97B62FFD84DCC11EDB46B90966342DB86C5FB2C8831CDD15510B897E9AE45606","1329","True","True","True","manual","documented_external_manual_import_marker_non_cryptographic","2026-08-25 18:56:05","True","False"
"world","712","20260714180156_world","sql/database_updates/world/20260714180156_world.sql","2e09f8238f6529427be9e6f685d8871bf6e8a9ee","A1C878A5E21AE25E58273AB3AAF678642B81B866FDB77A39FCDBCE38F8E610BB","14545","A681B4716E8CB181DF9B55E58E545D1424BF601CC28734B97513D714F89F977E","14353","True","True","True","manual","documented_external_manual_import_marker_non_cryptographic","2026-08-25 18:56:06","True","False"
"world","713","20260714235525_world","sql/database_updates/world/20260714235525_world.sql","61843455745634156764fb0e0f89816dc90b177d","47D39426F93D968388E6C14083B3DD9B5162D0636BF3829D31EE37D0D7F747F9","4022","8E8AAEFA0B82324E3DF70F67DB4AA1E0D7AEE27724D13978C3828B72CD688A79","3924","True","True","True","manual","documented_external_manual_import_marker_non_cryptographic","2026-08-25 18:56:06","True","False"
"world","714","20260715003750_world","sql/database_updates/world/20260715003750_world.sql","c498aedeecc0cd79f86a775e99e99346bfe94f96","BE9064FF5C054FBBC0600EA5066628E93AC42A54EA2B989C32D234A68387097F","4972","F2917AD460C7023AB48E15C2153C6DFFE3A610110D1B85185FB8D6CF5E90EAEA","4794","True","True","True","manual","documented_external_manual_import_marker_non_cryptographic","2026-08-25 18:56:06","True","False"
"world","715","20260715124044_world","sql/database_updates/world/20260715124044_world.sql","71e6bfe2ae30d7f5b83d60600a02b519c36f80e8","3966BC3DABD5CA279DD89117DEF0EC82D87C0730CC748D17D834266ECA2D8B17","7854","2855D4FF4599848094B3333E375DF5F3D037DC54A220095EC258008D8F1612C3","7609","True","True","True","manual","documented_external_manual_import_marker_non_cryptographic","2026-08-25 18:56:06","True","False"
"world","716","20260715141903_world","sql/database_updates/world/20260715141903_world.sql","5455beb5334c01d6f8cd7a933a99057a90a03feb","EF0EEB79DFD097D9D9191680C1586AA8D305F52D46C63EE32489DF9640DAD0E9","9087","FAA2CF89AF95EA2CB76961FCDB296E03775DD30A631AA05BCCCAE49BDD872C79","8784","True","True","True","manual","documented_external_manual_import_marker_non_cryptographic","2026-08-25 18:56:06","True","False"
"world","717","20260715153051_world","sql/database_updates/world/20260715153051_world.sql","04b5a21060c0d58d48977dfb9dc8b369cc1919ed","C44829D212480C485DA77481F6BEF9DE43D96FE23ACE3AF57E9D8E7BA73BFE69","6372","2081F4B42CB8D22B16173FA672F959A013E85464CA0F4DA683B661BFCA358B83","6151","True","True","True","manual","documented_external_manual_import_marker_non_cryptographic","2026-08-25 18:56:06","True","False"
"world","718","20260715174518_world","sql/database_updates/world/20260715174518_world.sql","d99c6e4e73651bfbd1f8ec264378d858cc4d5037","210019A52F48FC3A89B1218E6333D6F4EDC974022262ED32E5AD853C8CF0009D","333","200ED813B067017102BBDB9BD05CB65C8A9F5B274F75E055CEC25B544A8388AE","322","True","True","True","manual","documented_external_manual_import_marker_non_cryptographic","2026-08-25 18:56:06","True","False"
"world","719","20260718120125_world","sql/database_updates/world/20260718120125_world.sql","f595b0ef0eab602f68bfc67460d5e9a69ee9a6b8","3B00CD5C5B6FB7ACBEA95C114659DA98537E52EA6D25BEB229C9FCD521ADE221","9339","A6E13AB8B43143192F8D9B0BC394F99EA7A93B420B3B4AEE4D1599023037C0FC","8911","True","True","True","manual","documented_external_manual_import_marker_non_cryptographic","2026-08-25 18:56:07","True","False"
"world","720","20260718150344_world","sql/database_updates/world/20260718150344_world.sql","81a6ed8cdc594991881f8f47a7fb57d4d8fa5eb9","F0075057A23E401FA36041C9482742B69C9A41D10CEEEC07A9DF96E36321BA56","28266","0FAF6F44E89E71A7F6BE8BFE09A8DDAE1B08672D748A91AA42B25145FD8E9D66","27335","True","True","True","manual","documented_external_manual_import_marker_non_cryptographic","2026-08-25 18:56:07","True","False"
"world","721","20260718184759_world","sql/database_updates/world/20260718184759_world.sql","db9b4fdd916b537fd9ce9f204e71291f68496baf","D0F8155951C9D7B0B986057733905880E3D05DA912CA81DE330FB824C22BE9B3","9490","25604EB8610D21F894E2EB3FEFF09AE3E28F3986BF6851ECEA301E975294EAC4","9105","True","True","True","manual","documented_external_manual_import_marker_non_cryptographic","2026-08-25 18:56:07","True","False"
"world","722","20260721013813_world","sql/database_updates/world/20260721013813_world.sql","28bdaf2dcc4abf8756d8713b4f4e47e7d9493fb3","46E023AB4B981F184724F84ECE960C639FC5F5D3B3C00749FFD937D74B50EC50","35347","39406A95DD2C82FB1575016ECA2455FCD30672F0432B47666980F435EE199462","34961","True","True","True","manual","documented_external_manual_import_marker_non_cryptographic","2026-08-25 18:56:07","True","False"
"world","723","20260721095654_world","sql/database_updates/world/20260721095654_world.sql","db648eb93393f56156ca94a7722307cd9bb64abc","B1931F2C2DBA98831F72A7B07A424EF427A76C609CB35C46DDA3F047A9D5DE47","1352","71E1B6A44C0CB46A16C148040AF57321A30C286A5765BC647376F198FF9C77BD","1317","True","True","True","manual","documented_external_manual_import_marker_non_cryptographic","2026-08-25 18:56:08","True","False"
"world","724","20260721231140_world","sql/database_updates/world/20260721231140_world.sql","5df628177f33375bb28c2e4d575f7fa638b02800","D387F6E70BDEC1ACF991F34B9E9E5D73A24C556C5CE28ECBF799B95FA3CC4CD7","4227","E54422EA37E0CE5CB1189EC442944A4CD4106255590A676112A2510842A17D81","4054","True","True","True","manual","documented_external_manual_import_marker_non_cryptographic","2026-08-25 18:56:08","True","False"
"world","725","20260724201050_world","sql/database_updates/world/20260724201050_world.sql","25c30796cae18143a0e00f5f3ca678c38f3ecd5f","6D67419D4955FAAEED9BD9AB498674DBD5B57F940CEB426FBD9CF41C1A5DC4EC","8657","D0198FF123D57900871C0F6ECEFA2DEE04CC7B0ABA119FA695AF6236E732F1A1","8299","True","True","True","manual","documented_external_manual_import_marker_non_cryptographic","2026-08-25 18:56:08","True","False"
"world","726","20260726112016_world","sql/database_updates/world/20260726112016_world.sql","866a3f6cad90ea18bb796aaca5a8026d12fc75e3","0B67BE1293EB537AA0BB55011A53F850C1A37EBE2D30D87CC6562E0697AA87A2","6752","660BD6CFF59121FB1765B53D3732BE4AE4EDF921E5B761CACB62162D25223163","6482","True","True","True","manual","documented_external_manual_import_marker_non_cryptographic","2026-08-25 18:56:08","True","False"
"world","727","20260727120119_world","sql/database_updates/world/20260727120119_world.sql","1a6ee4185fc1ab74aac3af873df867cc6d49cbd3","6D0CE43D495BC8BD70C70C17CF559159B79C109DBC638C667326A057A2A9EA37","12283","EAC075350094597B1B2BAA914A0F3F6BCA8DB4C428EDD0135309AC56D3E130CB","11826","True","True","True","manual","documented_external_manual_import_marker_non_cryptographic","2026-08-25 18:56:08","True","False"
"world","728","20260730120000_world","sql/database_updates/20260730120000_world.sql","f4341dd52e57eef4e0b80124a7752ab7915bec6b","C51E8D3E74881990C0B9C78FF65CBA82F2730FC8B1BEAB246C315E8F9C9F9BEE","2241","B450BC78A6345BAA28ECC73A46771E7864C7BFD029484F6C0405BCC769E55C49","2197","True","True","True","manual","documented_external_manual_import_marker_non_cryptographic","2026-08-25 18:56:08","True","False"
"world","729","20260730120100_world","sql/database_updates/20260730120100_world.sql","07f6f3e266499b4f770eecba89cc7be770aeedbc","1E2A38936F0156BB0D51716A9B37DEAF0783F92A8CC5F6BD0548B5312B5CACD3","2861","4428E142666473ED6827E86137FD26C54043FEC6B57155C2815976A38FD819FC","2813","True","True","True","manual","documented_external_manual_import_marker_non_cryptographic","2026-08-25 18:56:08","True","False"
"world","730","20260730120200_world","sql/database_updates/20260730120200_world.sql","2c7ec3d435e3d2c64bb7039ccfecf8835079f0f7","242788B6DE0770A21176CBD832135700A532DE573AEE450452E33DF6BA78F1AB","3417","BB1C287EECFE62621B44F65618ADBEBECB7ED9AE0D3B1DCC8A38CF959D536C21","3346","True","True","True","manual","documented_external_manual_import_marker_non_cryptographic","2026-08-25 18:56:09","True","False"
"world","731","20260730120300_world","sql/database_updates/20260730120300_world.sql","75594813b911bdbc1dbd61cb1bb3b7e57ab7dcf1","774A83859B57C020E55D72584D074E3524D930E9EFDD01CDF0C4174458F7FB39","2478","4E033580C167BC175F961902801B6ACA190235AF1DAB85D6A03D261E71D72597","2428","True","True","True","manual","documented_external_manual_import_marker_non_cryptographic","2026-08-25 18:56:09","True","False"
"world","732","20260730132859_world","sql/database_updates/world/20260730132859_world.sql","81605ade491feb3e17904c359bc00f4674cb202a","5CBDD621E7772FF99AE8E6C01AF2DBAC55FA3CF7CC4649D26BC9CFDC529913BA","4777","4B61CE9B5EBF2E3288911DD00A0F3218EE73A058F9E066F91DA10CB938869FE8","4583","True","True","True","manual","documented_external_manual_import_marker_non_cryptographic","2026-08-25 18:56:09","True","False"
"world","733","20260730145429_world","sql/database_updates/world/20260730145429_world.sql","1c8140646b058af1ebe8f2a33cd9c8ca1fff1f85","09405513FA63DC26389412616C855D06ACEA35370EA6C32FE5F0ABBF5E24D9F8","268","45D54E0B4C2BB9563FD1817220E17815F1693304C680C334743993C9EA092279","260","True","True","True","manual","documented_external_manual_import_marker_non_cryptographic","2026-08-25 18:56:09","True","False"
"world","734","20260730200000_world","sql/database_updates/20260730200000_world.sql","bf2c559aa51444f596110a5091b668cba0367acd","92D5000037C325E749BE54EA298969C2C9E8AA261D1A0D50084EE771FF839361","2037","610D69245F0C774788C916CF91E7650B700CC93706DA8E5B41DA991F0312D488","1995","True","True","True","manual","documented_external_manual_import_marker_non_cryptographic","2026-08-25 18:56:09","True","False"
"world","735","20260730201802_world","sql/database_updates/world/20260730201802_world.sql","3ed814ae4190f131af32e42bc1c65537544b5cb7","3662DBE54694552294AB40DDCFC4E1C796A889A91CFE7EE769CD454BFF992014","373","DF9FABB5E1F26D2AC09C7A33C43F9B3760AC1C34EF75F26E1E1ACC4CBC596838","357","True","True","True","manual","documented_external_manual_import_marker_non_cryptographic","2026-08-25 18:56:09","True","False"
"world","736","20260730212326_world","sql/database_updates/world/20260730212326_world.sql","b3b0d8fcfc459a2ba278e4f886b380291a19b320","23A08642891C6263295E222FCCA8E37CF2179C269F6C0D629BE35A6CF141A33E","1306","9C9185FDECF73070C109DEF13D98A0271A2F243D844C593ED48961CBE5D852B2","1238","True","True","True","manual","documented_external_manual_import_marker_non_cryptographic","2026-08-25 18:56:09","True","False"
"world","737","20260731011334_world","sql/database_updates/world/20260731011334_world.sql","0cc50cf7763911afa9d8f4b9e207297004e8e4bb","19BC6404E0CC8BDD2EB40D504F6AE040FD868F4FD268AED2D912A8CE865F2718","679","2304C1A4BBD9E24169A1F637C9A20ADBFC20D7203BF56DB38F19ED9EB7EB3A72","664","True","True","True","manual","documented_external_manual_import_marker_non_cryptographic","2026-08-25 18:56:10","True","False"
"world","738","20260731120000_world","sql/database_updates/20260731120000_world.sql","6f6cda29d2d1ad6949cf6198146ad3e72954228f","9294F5173148862EFF5D2B7D1ACF492A0B0426286078016BA31DE3CDC99CD44E","1548","D0E3F594E436562907C342161017C077091E7C655CD60B8B0AFCA7B766015748","1515","True","True","True","manual","documented_external_manual_import_marker_non_cryptographic","2026-08-25 18:56:10","True","False"
"world","739","20260731121709_world","sql/database_updates/world/20260731121709_world.sql","3ed9768e11542f3616f1295d25c353ad79fca7a5","A20200E8C8159CD2B500C254B8CFF5C3B8559695404326EB1D26C636989FBA64","283","7159550CD139C3D93B7CD6283EACBD2F73B403EEEB0D56EB0F9ED41D13C7ADE1","275","True","True","True","manual","documented_external_manual_import_marker_non_cryptographic","2026-08-25 18:56:10","True","False"
"world","740","20260731170000_world","sql/database_updates/20260731170000_world.sql","37712a876ca71842fd27232c28ab8d625acdcdee","A9448440E1E460889029220763ACE6C8A1C04E866934488EF8DA6C1C378E4B99","2560","6BC3E2D8F90078AA63A5CBDB8B56E5308064941794824FF7C4643D24E83935A4","2511","True","True","True","manual","documented_external_manual_import_marker_non_cryptographic","2026-08-25 18:56:10","True","False"
"world","741","20260731180000_world","sql/database_updates/20260731180000_world.sql","301d67693951134dcc08c7747616baceb43ee044","3727577DFCCED6963E80E4C4F1F7D75AE3786BA11019CEEDC6A3D655B75E7915","1008","6C6D085C2C0CFA8C4964494FC8A2D068FEF60F748CA465E9617284A60B12FCCF","988","True","True","True","manual","documented_external_manual_import_marker_non_cryptographic","2026-08-25 18:56:10","True","False"
"world","742","20260731180247_world","sql/database_updates/world/20260731180247_world.sql","9904dd167e2637e6de13f8a9a49a614d0510f52b","A44DA05D5838562139282AE1F3DCE12E2D287C4DA7552BD625ED151B3AC10402","6668","D6049BB1E20D3BDF0A8DB1BA64B9C89287650801F37115B70DDDAC0F43BB34CB","5900","True","True","True","manual","documented_external_manual_import_marker_non_cryptographic","2026-08-25 18:56:10","True","False"
"world","743","20260731190000_world","sql/database_updates/20260731190000_world.sql","b569fb8ae9f8a6d488f010a5cd7811d460d65192","A59176EC3B157DF1DEF2EB8EF92638891F9E412CE1E9745A76EF6F70AD983B56","1376","34285E581DD8AB50AB6577D33FA873BA83FBD85128450B4A11426BD625C89066","1347","True","True","True","manual","documented_external_manual_import_marker_non_cryptographic","2026-08-25 18:56:10","True","False"
"world","744","20260801230645_world","sql/database_updates/world/20260801230645_world.sql","198bb66c80e74a48f11a20bcb05d0678590c727b","D4BC2FFBDABE52C71CB1DDD6D9C8BCBF7B204D069BAFD8B31F2DB60F51F29310","16762","564E4E58FCC36D96F031403E818C479DBF45B9771EDB0A11370BF3ED2C7E21C1","15964","True","True","True","manual","documented_external_manual_import_marker_non_cryptographic","2026-08-25 18:56:11","True","False"
"world","745","20260802123824_world","sql/database_updates/world/20260802123824_world.sql","15fc1f73d4edf9b0f47b0d55db36309587cb6e2f","DB5CEC6113C6CAC98E9B64594892C9DCDC9F993536E7D9B89B408F9017A9279D","5703","9BB9478103C5C91BE28903B8B0B8F57B67351B2161091FD8653D4B74150CF41D","5528","True","True","True","manual","documented_external_manual_import_marker_non_cryptographic","2026-08-25 18:56:11","True","False"
"world","746","20260802143402_world","sql/database_updates/world/20260802143402_world.sql","84318348cf25b18a204352f7b1402d697ab2e48a","1D4A24D7FD9DD1A9393DF37B9A197D36A1031CE0F3EA6F80D626D235D51B393F","15641","00BFAF07173FDE960A9B752CA94A915D776ED877FAC6E23EF0FD272AC96E347D","15457","True","True","True","manual","documented_external_manual_import_marker_non_cryptographic","2026-08-25 18:56:11","True","False"
"world","747","20260802150000_world","sql/database_updates/20260802150000_world.sql","58ec2244f17ad3f25215fff849cbbc9e665d1f62","01509AC2C3B036CEFAF7D7B36F347D9945DEE62F4EEB9E90D533C4E1BE68CED9","2408","86225AC826D87670AFD3C7F458E58A69C45DD05CC2775EE7242F826A67A5485F","2362","True","True","True","manual","documented_external_manual_import_marker_non_cryptographic","2026-08-25 18:56:11","True","False"
"world","748","20260802152936_world","sql/database_updates/world/20260802152936_world.sql","3bec9b2d513ced6b32bcf471443cebe4270af046","27C4714D0639DE0E2B91EA1CD3F8D5E20E1BAF1ABEA94086AB267D4D5ACDFBAC","388","DDE086F3E3C068E344C1747486DA31F71BADA731EE6EF39A7632598744EEABDD","373","True","True","True","manual","documented_external_manual_import_marker_non_cryptographic","2026-08-25 18:56:11","True","False"
"world","749","20260802160000_world","sql/database_updates/20260802160000_world.sql","8eba03d1a68b5371f108727b9111c24469a0357a","5618285C256210674B5263B93F6BC2F07F82DB3C4A28219ADF8A0650DC34F0FC","2894","4CCC4513E7B4712E298F212D43FEB8BEF1E8874F14E07E8A118F1CABA242B57A","2831","True","True","True","manual","documented_external_manual_import_marker_non_cryptographic","2026-08-25 18:56:11","True","False"
"world","750","20260802162032_world","sql/database_updates/world/20260802162032_world.sql","24649084fb35c161d28d4b1bbe8dc4620914a2a4","96AB6BDBF131BD8416495317D047F64A044F31EC064BBE34CC5D842322870249","290","0BEE800EF79987177F32EDC0028646FF751D5306DA61CA3A7B616270340CACAA","282","True","True","True","manual","documented_external_manual_import_marker_non_cryptographic","2026-08-25 18:56:12","True","False"
"world","751","20260802170000_world","sql/database_updates/20260802170000_world.sql","98110e22d3ad51303f351699242fc09f86ca277c","9628943CCC94C9CBC539EB846C9D84A8C7E1206EEE648F160DCCD679F526AAEC","2022","342BA8B6D44ED9013ADF2F1A85F071670AF040D4114B4DE90039FC8EA5DF80B8","1984","True","True","True","manual","documented_external_manual_import_marker_non_cryptographic","2026-08-25 18:56:12","True","False"
"world","752","20260802171013_world","sql/database_updates/world/20260802171013_world.sql","4f61914ac0ce1ea11b8d07d6147ab9b735ca407d","C6FF1A6E8C84A3AF29E8AE00E41EA0AADD2C07191D7F824308A6DC8826966FF4","557","B9056C8B7AADDDAFBA4F4F595702274129EC23278B5A9E9052956D1234D6D280","541","True","True","True","manual","documented_external_manual_import_marker_non_cryptographic","2026-08-25 18:56:12","True","False"
"world","753","20260802180000_world","sql/database_updates/20260802180000_world.sql","7b0a7e1fae73b6f2e4b5b113c464211b5876b45b","DD52B6FA85073A809216D14513994192314584076815BF73DD798CB8731ED3EF","4439","C29DB0651B4BC6AF8FF14F42ECCA5E5387409D3AB4A3A164BDA2E6CDDA15BFA4","4364","True","True","True","manual","documented_external_manual_import_marker_non_cryptographic","2026-08-25 18:56:12","True","False"
"world","754","20260802190000_world","sql/database_updates/20260802190000_world.sql","44d562af4bdc9094f5ed6295fb858152d37a4cbd","68252DE242B07893660DC9B7DDECB53B4A96514F388B0CA84A76CC90BF860ABF","843","F1F27D8C07712ECE86B3D4E242BCE671848744DACE0606BCFA907F3BEB86BE5B","827","True","True","True","manual","documented_external_manual_import_marker_non_cryptographic","2026-08-25 18:56:12","True","False"
"world","755","20260802200000_world","sql/database_updates/20260802200000_world.sql","1dcd4bb08711cf9ca416f87200c0f4c53a938dd6","5FC9A73E327FCC77B7AB00506EB76A0E3CC7F6BD61A7107F5C2AEAAF759F9888","7619","0A68996BED6B5A6D0A20C67091D228D9A7F06EF14AF39C030408FEF1C9BCD905","7469","True","True","True","manual","documented_external_manual_import_marker_non_cryptographic","2026-08-25 18:56:12","True","False"
"world","756","20260802210000_world","sql/database_updates/20260802210000_world.sql","d8dd4a190eb5982c03f4b1b9fbfa6b0aa028d6e1","3D2EF4A7C039CE6060D8D0FBA1CF09B8C813A3869FA63574BAD1D679BBA32D79","56068","D7006B9A1A8E047173CE90767D88E2F626DB982D35BD51958C98F6CEF2935E84","55914","True","True","True","manual","documented_external_manual_import_marker_non_cryptographic","2026-08-25 18:56:12","True","False"
"world","757","20260802220000_world","sql/database_updates/20260802220000_world.sql","06045c91844bef18ffa9b88293736067c60f91ff","45173A1CA7A7A166AAC715A148E0F4C3AC361B3BC6FCD692860F7FC31EF5933E","27636","ED5A8EC64D04FC26308F5E970CFD7079A8A2E1968F2624D053E54340A8AE23D2","27492","True","True","True","manual","documented_external_manual_import_marker_non_cryptographic","2026-08-25 18:56:13","True","False"
"world","758","20260803161618_world","sql/database_updates/world/20260803161618_world.sql","fc9e00b1e436ae6411cfbc27dfa486211db05e96","8DC8EC11113C905C8E20C1D92253430F35A9694C6142047BF659507180CE475A","24587","00CE0801CCC5ABC44B0528C5BEB6DB8EAB314D89546D742481950C7390C0957A","24175","True","True","True","manual","documented_external_manual_import_marker_non_cryptographic","2026-08-25 18:56:13","True","False"
"world","759","20260804182219_world","sql/database_updates/world/20260804182219_world.sql","9b021f5353077615f115f1a098e8a7cc7128c07c","D1F512366910E1743851405B3F0F1CF9C84783703A0F461ECE566AB0AD658FAF","37731","9306A9495C9BF8DA0EE9D7E6AABEFA689F4E32431ACCBBE985C124C14726E557","37427","True","True","True","manual","documented_external_manual_import_marker_non_cryptographic","2026-08-25 18:56:13","True","False"
"world","760","20260805120000_world","sql/database_updates/20260805120000_world.sql","9c982da6f09a35aedece7e18000ee302fd9176f5","9DC738E87B930E01515831D5C0EA2CA73EA2C88F89BB8EFA41E410FF9EF1ACD2","820","9C49BA2A0B80C3CCE21F2AA3544CE15AD7DB6C45B9909734526A735E52D9141E","804","True","True","True","manual","documented_external_manual_import_marker_non_cryptographic","2026-08-25 18:56:13","True","False"
"world","761","20260806181419_world","sql/database_updates/world/20260806181419_world.sql","7a30b61b1bf24fdae8c07ce7e25ac398d64a09ac","AC9906E2C36BD8CAEF1F42E40C967AE497F6D52D505F0564640EB857CEEBC845","11251","3870944A2E395FBB4CF98782DEF2CBB11FB32272ED46D8394D598EE3E82C7E46","10794","True","True","True","manual","documented_external_manual_import_marker_non_cryptographic","2026-08-25 18:56:13","True","False"
"world","762","20260809183358_world","sql/database_updates/world/20260809183358_world.sql","90ebd9d4c1d58811c34d4cee4c0585ff48e81a71","A4274378BB0D849005C7E237B84094568E1F48A2D9C8846D14E5689274213A3B","9958","31406EC72A111A9F1EACBAE2BAA7868FF8938CF4599D898E49A473F10ECBC043","9564","True","True","True","manual","documented_external_manual_import_marker_non_cryptographic","2026-08-25 18:56:13","True","False"
"world","763","20260813085825_world","sql/database_updates/world/20260813085825_world.sql","1fbeb0d42d761a2ef5bb19b31a4da9f6b3e52ba6","94BFC5566826D2BF85612851BF1831E9C81B02F8EAE72CB40CE89742318B6E3F","308","C22A32DD9EB528FDAE353C00B573971FB2E6089786F8EE27F48880197A9D1780","293","True","True","True","manual","documented_external_manual_import_marker_non_cryptographic","2026-08-25 18:56:14","True","False"
"world","764","20260813110328_world","sql/database_updates/world/20260813110328_world.sql","cd9d44cd260a168258461c5b47b0288f40ab2827","7C24F513A41E61C828FB3DC0DB755AEEFFF12B932BE23E15B7F79013BB956A65","38545","5D0F1C5BAC580E4EE3E4CF97F33068066E9B8BE2609B938A74496BA9858CFB8B","37065","True","True","True","manual","documented_external_manual_import_marker_non_cryptographic","2026-08-25 18:56:14","True","False"
"world","765","20260813162900_world","sql/database_updates/world/20260813162900_world.sql","3adc7f235775c1a345ca441dfa7876cecc9c4284","157A50B3CDEE9358556A4B6C38BF9D03CA3C8E40E92256ED952C3D27C46F6303","1008","D2BE6C9BEE48310C7904F98ECA06671201216AEB73B2D10E1619C78F62CEE126","966","True","True","True","manual","documented_external_manual_import_marker_non_cryptographic","2026-08-25 18:56:14","True","False"
"world","766","20260813194016_world","sql/database_updates/world/20260813194016_world.sql","2f287b67649b6f4a0c066af1274cd158d3d29480","AADCF988C587F5E331F69E5701AC30076BCBCF8DAD26DBC0E65B684A951BCFF3","46633","ABDF873EAFE9CDF413B756362FD9A19823490491817B84F03748FB051E3FE4D0","45144","True","True","True","manual","documented_external_manual_import_marker_non_cryptographic","2026-08-25 18:56:14","True","False"
"world","767","20260814112455_world","sql/database_updates/world/20260814112455_world.sql","90862fb313e59b784b166edba2ea5a678ece5f4b","D32A708CFC438BE0621520CC1A055D4C1C9F033BFC0B2EEA9463582F634B0F56","1144","275F32C7E2E72B35A3FD4815EBF5EA75827DFEE1943AE463BC88A2D619798AFC","1093","True","True","True","manual","documented_external_manual_import_marker_non_cryptographic","2026-08-25 18:56:14","True","False"
"world","768","20260815005950_world","sql/database_updates/world/20260815005950_world.sql","e98e75805890d05dd1361579311abfc54e6d049f","4186CD8BFC1C4ED0E14F53DA74A5C8D2AFEDA8D37D43C84B10498F85DB1FF956","14488","C1C6A44002F5899BD6155823A2157C834891378EE33E31821D420260195F85B7","13777","True","True","True","manual","documented_external_manual_import_marker_non_cryptographic","2026-08-25 18:56:14","True","False"
"world","769","20260816080422_world","sql/database_updates/20260816080422_world.sql","b81a591447b2b0b99aefcb0bd2398b54a61748f6","D34A388041A2373D18FBC07B09CC0D6B0C27F4ACB31397818924624FDB30F97F","8885","2027B27BAC491C26E0C0706A1E12B841BE563952B1EB70E9116A8517BBB1F361","8774","True","True","True","manual","documented_external_manual_import_marker_non_cryptographic","2026-08-25 18:56:14","True","False"
"world","770","20260816081138_world","sql/database_updates/20260816081138_world.sql","ec9cef6efbbef39ff4d1d3db4655ec607a39dc8c","4E515528754252951B0972A4BD40E0A9FD62EA1EC73E037F95D1D142E33D020B","4074","3BCF1697EBEF1F10D64D47079AB7E73A967CC9ECAA569176A452EB3BC0F9A7FF","4026","True","True","True","manual","documented_external_manual_import_marker_non_cryptographic","2026-08-25 18:56:15","True","False"
"world","771","20260816173710_world","sql/database_updates/world/20260816173710_world.sql","6fa70a899a14104acc66ce651a813981eddaac53","6C1FB321A59A3B8997717E500E6856B36B43056A3F30718B0326F5D09350A1B3","258381","B1B57EEA00FE273D4965C89684815CBC5F3BD469A8ACBF85483490E8A7DE626C","257519","True","True","True","manual","documented_external_manual_import_marker_non_cryptographic","2026-08-25 18:56:15","True","False"
"world","772","20260817151028_character","sql/database_updates/character/20260817151028_character.sql","4cf5f15cd884c62c31d19d1212bd2eb95701ff52","916F19DA19C54C04A094FD12D2D7D20CB40786DBFDA40BD8115B590FEE3A49D5","437","FC291DD81E66344B568DA44800DE53AB65C2D4B59564BBA5CEF2A795AF4EF9C2","429","True","True","True","manual","documented_external_manual_import_marker_non_cryptographic","2026-08-25 18:56:15","True","False"
"world","773","20260817151028_world","sql/database_updates/world/20260817151028_world.sql","c3bf84f7841ce19b929c623d2f8f479cb62db079","62D2C7C03EAB2E09E0DA312904F96BB29A342D8BDCD148CA07E862792A5D8B70","82733","FE5C350D79B75A16CDEE72A390BC415C939560542130B8C87DA4C97A3F620A47","81329","True","True","True","manual","documented_external_manual_import_marker_non_cryptographic","2026-08-25 18:56:15","True","False"
"world","774","20260818211313_world","sql/database_updates/world/20260818211313_world.sql","a4a3221c3548033b652c2abf07bd96fd017cb678","BBB89A114572ACBE8372A41646C38B31168B49577CE42FA6BFDB0D618B5D7EDF","2733","11519DD4E8F2483BB841EBCAA22073A1F3446927B1DADD3B9759CB25DCF164FC","2629","True","True","True","manual","documented_external_manual_import_marker_non_cryptographic","2026-08-25 18:56:15","True","False"
"world","775","20260820133120_world","sql/database_updates/world/20260820133120_world.sql","1d41c71c6a6cd449d5d31c67e632c5ecd1de70c3","F38D134227B3A8661062673AC2A962FFAD7506C12FF98C1F4B0523F82F860EB3","616","70F5D9EC483A86C8CE666AE8CF24F9F014BC9E37994819CBCBD12CE8239829E7","602","True","True","True","manual","documented_external_manual_import_marker_non_cryptographic","2026-08-25 18:56:15","True","False"
"world","776","20260821154713_world","sql/database_updates/world/20260821154713_world.sql","d77c35a4d39c370f0566b400c7c844bf382f78c3","DFF83A8D762D70F7D1A43E6361AF2E91840DF81609F3EC87E46AE57B4DB9381D","30412","BF2C703B12F78A4BB7CA54B085E891433C83018A9166EEB590F2917BDE50F4FE","29924","True","True","True","manual","documented_external_manual_import_marker_non_cryptographic","2026-08-25 18:56:15","True","False"
"world","777","20260821203635_world","sql/database_updates/world/20260821203635_world.sql","96d27eab40faa743dd904deb1234df207dc324e1","FED3CD212F3D0D147833BB5834FCCF6242CE6137CCE7232BA8F614C0DDB93884","37231","B4251B8E4857332CF2B562D08C1561FADFA498EC90F78A17C75718C247834F0F","36843","True","True","True","manual","documented_external_manual_import_marker_non_cryptographic","2026-08-25 18:56:16","True","False"
"character","1","20260708055500_ai_playerbot_random_bots_index","sql/character_updates/20260708055500_ai_playerbot_random_bots_index.sql","b6089109cee6158dcddc37e39ee99d7b6e529772","AC7DD9663AA1D67D3EA1E16FBBF42FF0334F5A11835357141B80AF211516DB25","873","B0C5ADC7D459632D280475325B5535A1996E56D47F416C44A291689CB1F61DC9","862","True","True","True","61460E23B54A25F909665D7D1AC3DC768A87166C","cryptographic_sha1_of_windows_checkout_bytes","2026-08-27 21:00:00","True","True"
"character","2","20260731160000_guild_bank_money_unsigned","sql/character_updates/20260731160000_guild_bank_money_unsigned.sql","15118032a9f2f74023087b91f75403947a208df9","6542C795D716CD3E70F34E87C9C306C94512253B7AF12E65D205E0B704D3D8A3","882","51A98CF12993260A0DD234EFD36EE8536D18C29C50031C8A6B98DD0A5EAE9ACC","864","True","True","True","24BD0E3575C54EC1709EE37253D4373677322FCB","cryptographic_sha1_of_windows_checkout_bytes","2026-08-27 21:00:02","True","True"
"character","3","20260812142512_character_inventory_copy","sql/character_updates/20260812142512_character_inventory_copy.sql","1a6ad33c523ed99baf20bf1799706a198134ed1c","0E914EF83F73BA08FC7CF539CFEBDDE6BDA4137E7CD84578ADDA378FE2FAA7AD","1626","064A6F9E102A22FB4C41AF5398D6C0F3490409ED847DD101CE7DDB77FD2E22D1","1593","True","True","True","8662106E777C548A1349CB813EE1A47DB7A1785E","cryptographic_sha1_of_windows_checkout_bytes","2026-08-27 21:00:04","True","True"
"character","4","20260817151028_character","sql/database_updates/character/20260817151028_character.sql","4cf5f15cd884c62c31d19d1212bd2eb95701ff52","916F19DA19C54C04A094FD12D2D7D20CB40786DBFDA40BD8115B590FEE3A49D5","437","FC291DD81E66344B568DA44800DE53AB65C2D4B59564BBA5CEF2A795AF4EF9C2","429","True","True","True","557CE92CFE4B6C0B6E54316EA781459ED26F1B07","cryptographic_sha1_of_windows_checkout_bytes","2026-08-27 21:00:04","True","True"
