"class_id","class","character_count","minimum_level","maximum_level","effective_runtime_talent_tab","effective_runtime_spec","effective_runtime_role","confidence","stored_specNo_status"
"1","Warrior","719","1","7","2","Protection","TANK","HIGH_FOR_CURRENT_LEVELS_1_TO_9","NOT_CAPTURED"
"2","Paladin","424","1","9","2","Retribution","DPS","HIGH_FOR_CURRENT_LEVELS_1_TO_9","NOT_CAPTURED"
"3","Hunter","959","1","7","0","Beast Mastery","DPS","HIGH_FOR_CURRENT_LEVELS_1_TO_9","NOT_CAPTURED"
"4","Rogue","717","1","8","0","Assassination","DPS","HIGH_FOR_CURRENT_LEVELS_1_TO_9","NOT_CAPTURED"
"5","Priest","362","1","7","1","Holy","HEALER","HIGH_FOR_CURRENT_LEVELS_1_TO_9","NOT_CAPTURED"
"7","Shaman","155","1","7","1","Enhancement","DPS","HIGH_FOR_CURRENT_LEVELS_1_TO_9","NOT_CAPTURED"
"8","Mage","574","1","9","1","Fire","DPS","HIGH_FOR_CURRENT_LEVELS_1_TO_9","NOT_CAPTURED"
"9","Warlock","393","1","7","0","Affliction","DPS","HIGH_FOR_CURRENT_LEVELS_1_TO_9","NOT_CAPTURED"
"11","Druid","197","1","4","0","Balance","DPS","HIGH_FOR_CURRENT_LEVELS_1_TO_9","NOT_CAPTURED"
