relative_path	git_blob_id	byte_count	blob_sha256	archive_sha256	archive_match
src/modules/PlayerBots/playerbot/RandomPlayerbotMgr.cpp	e6a536f51bd6060a34e77d3f78dcfb0f13dd0991	175665	10EBAF9C5C0EE73C0AF57E39EDB072CA08DF2A8F959C65D78F91A715A2FA6AD5	10EBAF9C5C0EE73C0AF57E39EDB072CA08DF2A8F959C65D78F91A715A2FA6AD5	PASS
src/modules/PlayerBots/playerbot/RandomPlayerbotMgr.h	4f3f7b1e5ad65ff3812a54156e44e4c84994af71	14400	D262E9E60F7C3FEF008CE63E6BFEEA00B1D4EBFD238432745A4DF01D39A733A5	D262E9E60F7C3FEF008CE63E6BFEEA00B1D4EBFD238432745A4DF01D39A733A5	PASS
src/modules/PlayerBots/playerbot/PlayerbotLoginMgr.cpp	e23cd556bc2df067e21c5d2b4c1028541db6046d	23754	45F9B5B1B82BE4DA87CC818C989D59525BB0619BB97C326AD702D39B82C7035F	45F9B5B1B82BE4DA87CC818C989D59525BB0619BB97C326AD702D39B82C7035F	PASS
src/modules/PlayerBots/playerbot/PlayerbotLoginMgr.h	97621ac4d076d0a8917835028942cd21d287aa2e	5551	73BC53526AC4C61728AFD359720128DE46EC595A9BE87157659A2AE66473C192	73BC53526AC4C61728AFD359720128DE46EC595A9BE87157659A2AE66473C192	PASS
src/modules/PlayerBots/playerbot/PlayerbotAIConfig.cpp	d4f2dbf35a9a5f4bdfd8f08fa26102a4af5de3de	68208	E4143E269CA9635EB481FDC08E67ACB6F1D8A0DF09DEA2E7E7922A5B064537F0	E4143E269CA9635EB481FDC08E67ACB6F1D8A0DF09DEA2E7E7922A5B064537F0	PASS
src/modules/PlayerBots/playerbot/PlayerbotAIConfig.h	ceff65b41849751359822093e581bde8cdd78bdc	17682	CF6867112AA7D77B082C3C6BB58B1B376FE7432CD14EBF4FB0AEEAF6DC777CFC	CF6867112AA7D77B082C3C6BB58B1B376FE7432CD14EBF4FB0AEEAF6DC777CFC	PASS
src/modules/PlayerBots/playerbot/PlayerbotScripts.cpp	3359ca3d5ae266fdd4bb32018c42933b7386923c	10070	F2A78AF7348EE2B9E6E7E1F710664C2BD77D29D68A4849AD5B62DEA95EEC6CC1	F2A78AF7348EE2B9E6E7E1F710664C2BD77D29D68A4849AD5B62DEA95EEC6CC1	PASS
src/modules/PlayerBots/playerbot/RandomPlayerbotFactory.cpp	b8245b646f1f7226a4874c9677fde4b734436bf8	50472	C7CF1E8A2CA1ABD18BA4200841CE61D3D47172529F8A1D6BFEE1F3D275F01BE6	C7CF1E8A2CA1ABD18BA4200841CE61D3D47172529F8A1D6BFEE1F3D275F01BE6	PASS
src/modules/PlayerBots/playerbot/PlayerbotMgr.cpp	51f09926eff81e87fd3968ebc864e0328b6297be	111751	9AB39BBC9824060D52C8F1D2BC834062CA902843E3CC095E533468F4ADA652B5	9AB39BBC9824060D52C8F1D2BC834062CA902843E3CC095E533468F4ADA652B5	PASS
src/modules/PlayerBots/playerbot/PlayerbotMgr.h	b98121521b064f8ef35e7f41040a3300b2c93baf	8352	A8E81F419653E99C5C64F90193EC770C7168410708DA42193A6E75C91BBC3429	A8E81F419653E99C5C64F90193EC770C7168410708DA42193A6E75C91BBC3429	PASS
src/modules/PlayerBots/playerbot/PlayerbotAI.cpp	1064b6bc42e67b30859dd174100a4033ac1e04c8	280667	66C2F82A81E4617268B79013C41AC9A592E63A8682A45C9EE72A04F98C077D55	66C2F82A81E4617268B79013C41AC9A592E63A8682A45C9EE72A04F98C077D55	PASS
src/modules/PlayerBots/playerbot/PlayerbotAI.h	d1033ba0d050160b83ab748cb30bd173683b28dd	36141	7994F2D5A95523E6D2929659AF07A50D2A3AC6E71C81672A433E439F5F2D993D	7994F2D5A95523E6D2929659AF07A50D2A3AC6E71C81672A433E439F5F2D993D	PASS
src/game/WorldSession.cpp	4b68101ec6e1366d2aba8a30e6f77319577f23f0	48964	5B45DB8B7F10561808BFC3A5E6B8C3BEEF3D583BFF19CDF84112F1A8A963DDF3	5B45DB8B7F10561808BFC3A5E6B8C3BEEF3D583BFF19CDF84112F1A8A963DDF3	PASS
src/game/Group/Group.cpp	cc5067d3b02924ae28bae1d9975af08e5ef08676	90074	219482FD0D6FE7BFF49896AD2A9BB51B15E9624EAE774404D5F8111AD64A9997	219482FD0D6FE7BFF49896AD2A9BB51B15E9624EAE774404D5F8111AD64A9997	PASS
src/game/ScriptObjects.h	bf3396acf6ec41aa2ee8eba9eeddce2f40abd7ac	33419	15AFCA5669C1E81ABE556703F2D26A9757EA02AD55E6B68215E7215D99743E0F	15AFCA5669C1E81ABE556703F2D26A9757EA02AD55E6B68215E7215D99743E0F	PASS
src/game/ScriptMgr.cpp	da8281dd71aee54ab8e622fc42785beb074ea0c8	125366	F4497448DACDB6BA82644794B81A5864C466E3436C36B3BD595B86523ECB3612	F4497448DACDB6BA82644794B81A5864C466E3436C36B3BD595B86523ECB3612	PASS
src/game/ScriptMgr.h	6c89d531a7542ac26e4759960ad5c46d44f8da79	99972	EDE34C5A8DA548E65ADB20BD63F43417FBAF568B8608E6CD9795CCA0B005A29D	EDE34C5A8DA548E65ADB20BD63F43417FBAF568B8608E6CD9795CCA0B005A29D	PASS
src/modules/PlayerBots/sql/characters/ai_playerbot_random_bots.sql	58678651758f0f09cf5b4074c00bb8b5a736b6ee	524	9AB525704F5667BFE810EAB0C22C638C59090FFDBCD1134FD589AD5846709A20	9AB525704F5667BFE810EAB0C22C638C59090FFDBCD1134FD589AD5846709A20	PASS
sql/character_updates/20260708055500_ai_playerbot_random_bots_index.sql	b6089109cee6158dcddc37e39ee99d7b6e529772	862	B0C5ADC7D459632D280475325B5535A1996E56D47F416C44A291689CB1F61DC9	B0C5ADC7D459632D280475325B5535A1996E56D47F416C44A291689CB1F61DC9	PASS
src/modules/PlayerBots/sql/other/delete_randombots.sql	07282c81c6fe37c641cf738ec48c97249f5ac4b0	191	60C8D86352178CF4A3693A5A9A6613EC1195F8326FD808F640B6AB6AF8DA88A5	60C8D86352178CF4A3693A5A9A6613EC1195F8326FD808F640B6AB6AF8DA88A5	PASS
src/modules/PlayerBots/sql/other/delete_all_randombots.sql	12f7df20b11b499198aebf4c7e2f3d09af2e2a4a	191	74EE63035BCC983BC94B861E5F08C6C5DE4CFCD4B81864E60BF72E5CA68C9B9B	74EE63035BCC983BC94B861E5F08C6C5DE4CFCD4B81864E60BF72E5CA68C9B9B	PASS
src/modules/PlayerBots/sql/other/reset_randombots.sql	3237280a21eb03c4784422bf1e4c5b21def85755	498	010C48C6D238B1D48DCF7CF89E0D4241461C5E29176CCE2974107A89555156B5	010C48C6D238B1D48DCF7CF89E0D4241461C5E29176CCE2974107A89555156B5	PASS
src/modules/PlayerBots/sql/other/database_merge_classic.sql	034861a6182d4793e0b5548c25167e24f29a7cdd	6302	DB144604EB3F6F42E556D0C75948587546C16D74F0EDB342382234BD44B65363	DB144604EB3F6F42E556D0C75948587546C16D74F0EDB342382234BD44B65363	PASS
src/modules/PlayerBots/sql/other/database_merge_tbc.sql	29a37522632782925e36b1fb15b4fb6e30d43567	5838	989E5DBA38986616FDC90D8BA9ABDBE482C5F8C97393F7580C4F2161D4C2299B	989E5DBA38986616FDC90D8BA9ABDBE482C5F8C97393F7580C4F2161D4C2299B	PASS
src/modules/PlayerBots/sql/other/database_merge_wotlk.sql	468c4d19dce1c4704b347223b6ffcd674fd5b519	6070	260A61EC6989D8E8FEAE4D6E829BDA32FD4F23D9A1CE7E7158B3EB6C194BD3BF	260A61EC6989D8E8FEAE4D6E829BDA32FD4F23D9A1CE7E7158B3EB6C194BD3BF	PASS
sql/tools/playerbot_fix_collation.sql	c681c4f56fc11eb1ce9c2eb7b06eb6eebf7f440a	4038	3E2CE4603B1BD4C6872FC55F5F70E044FA1FBEFCA18F54BED14EDD7CD2C43996	3E2CE4603B1BD4C6872FC55F5F70E044FA1FBEFCA18F54BED14EDD7CD2C43996	PASS
